(no author) = No Author <none@author>
Arne = Arne Schröder <schroeder@data-quest.de>
arne = Arne Schröder <schroeder@data-quest.de>
BlackScorp = Witali Mik <mik@data-quest.de>
Constrictor = Chris Schierholz <chris.schierholz1@uni-oldenburg.de>
Fadi = Fadi <Fadi>
Judit = Judit <jsauerla@uni-osnabrueck.de>
JulianDierker = Julian Dierker <jdierker@uos.de>
KleinAnna = Anna Hruska <hruska@elsa.uni-hannover.de>
Krassmus = Rasmus Fuhse <fuhse@data-quest.de>
Nokianalgesie = Henry Röper <henry.roeper@uni-oldenburg.de>
aklassen = André Klaßen <andre@gundk.it>
albrechtj = Jens Albrecht <albrecht@elsa.uni-hannover.de>
andrenoack = André Noack <noackorama@gmail.com>
anoack = anoack <noackorama@gmail.com>
ansgar = Ansgar Bockstiegel <ansgar.bockstiegel@uni-osnabrueck.de>
arnewolf = arnewolf <arnewolf>
asudau = asudau <asudau>
awillner = awillner <awillner>
bvolkman = bvolkman <bvolkman>
bzeiss = bzeiss <bzeiss>
cbauer = cbauer <cbauer>
cflothma = Christian Flothmann <cflothma@uos.de>
chempel = chempel <chempel>
chueser = Christian Hüser <chueser@uos.de>
ckater = Cornelis Kater <info@ckater.de>
claraleinchen = Clara Hruska <clara.hruska@elsa.uni-hannover.de>
croser = Cornelia Roser <roser@hawk-hhg.de>
dabraham = dabraham <dabraham>
davka = David Siegfried <david.siegfried@uni-vechta.de>
dkreke = Dominik Kreke <d.kreke@gmx.de>
dofeldsc = Dominik Feldschnieders <dofeldsc@uos.de>
dreil = dreil <dreil>
dweber = dweber <dweber>
elau = elau <elau>
elmar = Elmar Ludwig <elmar.ludwig@uos.de>
fl00 = Florian Bieringer <florian.bieringer@uni-passau.de>
follerma = Frank Ollermann <follerma@uos.de>
hackl = Thomas Hackl <thomas.hackl@uni-passau.de>
hartge = Timo Hartge <hartge@data-quest.de>
hkletti = Helge Kletti <kletti@elsa.uni-hannover.de>
ischille = Ines Schiller <ischille@uos.de>
jankul = jankul <jankul>
jbickman = Johannes Bickmann <jbickman@uos.de>
jbickman = jbickman <jbickman>
jjss = jjss <jens.schmelzer@fh-jena.de>
jleissner = Jan-Frederik Leissner, Uni Osnabrück <jleissner@uos.de>
kgressho = Kristine Greßhöner <kgressho@uni-osnabrueck.de>
krassmus = Rasmus Fuhse <fuhse@data-quest.de>
krechtern = Kai Rechtern <kairechtern@gmail.com>
legolas = Gerd Hoffmann <gerd.hoffmann@uni-oldenburg.de>
lennartg = lennartg <lennartg>
ludwig = ludwig <ludwig>
manschwa = Manuel Schwarz <manschwa@uos.de>
matauten = Martin Tautenhahn <m.tautenhahn@tu-braunschweig.de>
mbohnsa = mbohnsa <mbohnsa>
mcohrs = mcohrs <mcohrs>
mdiedric = Marco Diedrich <mdiedric@uos.de>
meister_philipp = Philipp Schüttlöffel <pschuet@gmail.com>
mgieseki = Martin Gieseking <martin.gieseking@uos.de>
mlunzena = Marcus Lunzenauer <mlunzena@uos.de>
mriehe = Michael Riehemann <michael.riehemann@uni-oldenburg.de>
mrunge = mrunge <mrunge>
msievers = msievers <msievers>
mstrat = Martin Stratmann <martin@herrstratmann.de>
mstratmann = Martin Stratmann <martin@herrstratmann.de>
nadine = nadine Werner <mail_to_nadine@gmx.de>
ndettmer = Niklas Dettmer <ndettmer@uos.de>
netomer = netomer <netomer>
nimuelle = Nico Müller <nico.mueller@uni-oldenburg.de>
nkwindisch = nkwindisch <nkwindisch>
obrakel = obrakel <obrakel>
oelkers = Dirk Oelkers <d.oelkers@fh-wolfenbuettel.de>
oelkersd = Dirk Oelkers <d.oelkers@fh-wolfenbuettel.de>
phuegelm = phuegelm <phuegelm>
pitgrap = Michael Riehemann <michael.riehemann@uni-oldenburg.de>
pschuettl = pschuettl <pschuettl>
pthiene = Peter Thienel <thienel@data-quest.de>
pthienel = Peter Thienel <thienel@data-quest.de>
range = Meike Range <meikerange91@googlemail.com>
roepke = roepke <roepke>
root = root <root>
rstockm = rstockm <rstockm>
salakovic = Nejla Salakovic <salakovic@zqs.uni-hannover.de>
saschaef = Sascha Schäfer <saschaef@uni-osnabrueck.de>
sbrummer = Sönke Brummerloh <sbrummer@uni-osnabrueck.de>
schmelzer = schmelzer <schmelzer>
sewert = sewert <sewert@uos.de>
shilgen = Simone Hilgen <shilgen@uos.de>
shobert = shobert <shobert>
sosterloh = Stefan Osterloh <s.osterloh@uni-oldenburg.de>
ssuchi = Stefan Suchi <suchi@data-quest.de>
strehl = strehl <strehl>
strohm = strohm <strohm>
suchi = Stefan Suchi <suchi@data-quest.de>
sziemke = Sebastian Ziemke <sziemke@uos.de>
tgloeggl = Till Glöggler <tgloeggl@uni-osnabrueck.de>
theinrich = theinrich <theinrich>
tleilax = Jan-Hendrik Willms <tleilax+studip@gmail.com>
tthelen = Tobias Thelen <tobias.thelen@uni-osnabrueck.de>
vchuravy = Valentin Churavy <vchuravy@uos.de>
voteproject = voteproject <voteproject>
wilson = wilson <wilson>
wolfram = Dennis Wolfram <post@dennis-wolfram.de>
zabbarob = zabbarob <zabbarob>
